<?xml version="1.0" encoding="UTF-8"?>
<databaseChangeLog xmlns="http://www.liquibase.org/xml/ns/dbchangelog" xmlns:xsi="http://www.w3.org/2001/XMLSchema-instance" xsi:schemaLocation="http://www.liquibase.org/xml/ns/dbchangelog http://www.liquibase.org/xml/ns/dbchangelog/dbchangelog-3.0.xsd" logicalFilePath="PCR_DO002Schema">
    <!--Design Name: PCR_DO002 ExBMemberRelationship Schema-->
    <property name="datetime.type" value="datetime2" dbms="mssql"/>
    <property name="datetime.type" value="datetime"/>
    <property name="varchar.type" value="nvarchar" dbms="mssql"/>
    <property name="varchar.type" value="varchar"/>
    <property name="serviceDefinitionReferences" value="exb_Member_Relationship"/>

    <changeSet id="1" author="flowable">
        <createTable tableName="EXB_MEMBER_RELATIONSHIP">
            <column name="ID_" type="${varchar.type}(255)">
                <constraints nullable="false" primaryKey="true"/>
            </column>
            <column name="EXB_MEMBER_USERID_" type="${varchar.type}(255)"/>
            <column name="EXB_MEMBER_DISPLAY_NAME_" type="${varchar.type}(255)"/>
            <column name="EXB_MEMBER_EMAIL_" type="${varchar.type}(255)"/>
            <column name="RM_USER_ID_" type="${varchar.type}(255)"/>
            <column name="RM_DISPLAY_NAME_" type="${varchar.type}(255)"/>
            <column name="RM_EMAIL_" type="${varchar.type}(255)"/>
            <column name="DEDICATED_RM_" type="${varchar.type}(255)"/>
        </createTable>
    </changeSet>
</databaseChangeLog>
