<?xml version="1.0" encoding="UTF-8"?>
<databaseChangeLog xmlns="http://www.liquibase.org/xml/ns/dbchangelog" xmlns:xsi="http://www.w3.org/2001/XMLSchema-instance" xsi:schemaLocation="http://www.liquibase.org/xml/ns/dbchangelog http://www.liquibase.org/xml/ns/dbchangelog/dbchangelog-3.0.xsd" logicalFilePath="PCR_DO001Schema">
    <!--Design Name: PCR_DO001 Deputies Schema-->
    <property name="datetime.type" value="datetime2" dbms="mssql"/>
    <property name="datetime.type" value="datetime"/>
    <property name="varchar.type" value="nvarchar" dbms="mssql"/>
    <property name="varchar.type" value="varchar"/>
    <property name="serviceDefinitionReferences" value="deputies"/>

    <changeSet id="1" author="flowable">
        <createTable tableName="DEPUTIES">
            <column name="ID_" type="${varchar.type}(255)">
                <constraints nullable="false" primaryKey="true"/>
            </column>
            <column name="UNIT_ID_" type="${varchar.type}(255)"/>
            <column name="DEPUTY_ID_" type="${varchar.type}(255)"/>
            <column name="DISPLAY_NAME_DEPUTY_" type="${varchar.type}(255)"/>
            <column name="DISPLAY_NAME_LINE_MANAGER_" type="${varchar.type}(255)"/>
            <column name="LINE_MANAGER_ID_" type="${varchar.type}(255)"/>
            <column name="EMAIL_" type="${varchar.type}(255)"/>
        </createTable>
    </changeSet>
</databaseChangeLog>
